{
  "cam5": {
    "left_cam": "cam5",
    "right_cam": "cam4",
    "mtx_l": [
      [
        916.4404907226562,
        0.0,
        950.3463134765625
      ],
      [
        0.0,
        915.595703125,
        542.903076171875
      ],
      [
        0.0,
        0.0,
        1.0
      ]
    ],
    "dist_l": [
      [
        0.06370290368795395,
        -0.12323704361915588,
        0.0008945128647610545,
        -0.009733572602272034,
        0.006120047997683287
      ]
    ],
    "mtx_r": [
      [
        904.1542358398438,
        0.0,
        983.6276245117188
      ],
      [
        0.0,
        901.787353515625,
        542.62060546875
      ],
      [
        0.0,
        0.0,
        1.0
      ]
    ],
    "dist_r": [
      [
        0.06916256248950958,
        -0.1186811774969101,
        0.0005768524133600295,
        -0.00035523917176760733,
        0.04379373416304588
      ]
    ],
    "rotation": [
      [
        0.3080839492482752,
        0.011420099273897907,
        -0.9512906293810324
      ],
      [
        -0.018776967158262697,
        0.999806162283085,
        0.005921432690417811
      ],
      [
        0.9511738567264787,
        0.01603805453737894,
        0.3082386657879448
      ]
    ],
    "transition": [
      [
        844.4761817290927
      ],
      [
        -0.3955548887271902
      ],
      [
        484.76094384353854
      ]
    ]
  },
  "cam4": {
    "left_cam": "cam4",
    "right_cam": "cam3",
    "mtx_l": [
      [
        904.1542358398438,
        0.0,
        983.6276245117188
      ],
      [
        0.0,
        901.787353515625,
        542.62060546875
      ],
      [
        0.0,
        0.0,
        1.0
      ]
    ],
    "dist_l": [
      [
        0.06916256248950958,
        -0.1186811774969101,
        0.0005768524133600295,
        -0.00035523917176760733,
        0.04379373416304588
      ]
    ],
    "mtx_r": [
      [
        892.0189208984375,
        0.0,
        973.947021484375
      ],
      [
        0.0,
        905.6007080078125,
        540.3941650390625
      ],
      [
        0.0,
        0.0,
        1.0
      ]
    ],
    "dist_r": [
      [
        0.05346895381808281,
        -0.08135443180799484,
        -0.003706888062879443,
        -0.014086942188441753,
        0.02077805995941162
      ]
    ],
    "rotation": [
      [
        0.09287831875180012,
        0.004721149111979544,
        -0.9956662737367885
      ],
      [
        -0.018359177456493674,
        0.999826870056625,
        0.0030282859663007117
      ],
      [
        0.9955081910807966,
        0.017998351697729828,
        0.09294891514807925
      ]
    ],
    "transition": [
      [
        466.26070324068223
      ],
      [
        27.591220102961078
      ],
      [
        688.2805196013871
      ]
    ]
  },
  "cam3": {
    "left_cam": "cam3",
    "right_cam": "cam2",
    "mtx_l": [
      [
        892.0189208984375,
        0.0,
        973.947021484375
      ],
      [
        0.0,
        905.6007080078125,
        540.3941650390625
      ],
      [
        0.0,
        0.0,
        1.0
      ]
    ],
    "dist_l": [
      [
        0.05346895381808281,
        -0.08135443180799484,
        -0.003706888062879443,
        -0.014086942188441753,
        0.02077805995941162
      ]
    ],
    "mtx_r": [
      [
        902.3395385742188,
        0.0,
        986.6585693359375
      ],
      [
        0.0,
        899.7423095703125,
        543.7388916015625
      ],
      [
        0.0,
        0.0,
        1.0
      ]
    ],
    "dist_r": [
      [
        0.0224008746445179,
        0.14959439635276794,
        -0.006968135014176369,
        0.004935245495289564,
        -0.5456138253211975
      ]
    ],
    "rotation": [
      [
        0.7777855383150778,
        0.006773061602669578,
        -0.6284932633087253
      ],
      [
        -0.07767799841053807,
        0.9933119809683421,
        -0.0854250374754405
      ],
      [
        0.6237112993612163,
        0.11526245746675026,
        0.7731098117006849
      ]
    ],
    "transition": [
      [
        583.152733539719
      ],
      [
        -57.39535168979472
      ],
      [
        348.60504965905363
      ]
    ]
  },
  "cam2": {
    "left_cam": "cam2",
    "right_cam": "cam1",
    "mtx_l": [
      [
        902.3395385742188,
        0.0,
        986.6585693359375
      ],
      [
        0.0,
        899.7423095703125,
        543.7388916015625
      ],
      [
        0.0,
        0.0,
        1.0
      ]
    ],
    "dist_l": [
      [
        0.0224008746445179,
        0.14959439635276794,
        -0.006968135014176369,
        0.004935245495289564,
        -0.5456138253211975
      ]
    ],
    "mtx_r": [
      [
        904.3097534179688,
        0.0,
        952.5316162109375
      ],
      [
        0.0,
        902.7310180664062,
        514.3858642578125
      ],
      [
        0.0,
        0.0,
        1.0
      ]
    ],
    "dist_r": [
      [
        0.07653938233852386,
        -0.12313740700483322,
        -0.0176780354231596,
        -0.002833903068676591,
        -0.0824287161231041
      ]
    ],
    "rotation": [
      [
        0.6017197699755029,
        0.16959843121583382,
        -0.7804932354285692
      ],
      [
        -0.211903895094145,
        0.9760748211136336,
        0.048730717539533
      ],
      [
        0.7700844483980684,
        0.13606732053331633,
        0.6232620850158673
      ]
    ],
    "transition": [
      [
        628.1034861717815
      ],
      [
        -139.88190608339585
      ],
      [
        320.0744343624908
      ]
    ]
  },
  "cam1": {
    "left_cam": "cam1",
    "right_cam": "cam0",
    "mtx_l": [
      [
        904.3097534179688,
        0.0,
        952.5316162109375
      ],
      [
        0.0,
        902.7310180664062,
        514.3858642578125
      ],
      [
        0.0,
        0.0,
        1.0
      ]
    ],
    "dist_l": [
      [
        0.07653938233852386,
        -0.12313740700483322,
        -0.0176780354231596,
        -0.002833903068676591,
        -0.0824287161231041
      ]
    ],
    "mtx_r": [
      [
        909.1640625,
        0.0,
        915.412353515625
      ],
      [
        0.0,
        901.9554443359375,
        537.4158935546875
      ],
      [
        0.0,
        0.0,
        1.0
      ]
    ],
    "dist_r": [
      [
        -0.05348663404583931,
        0.8291072845458984,
        -0.008454612456262112,
        -0.024854198098182678,
        -2.1633052825927734
      ]
    ],
    "rotation": [
      [
        0.6647984008568134,
        0.11846912953174497,
        -0.7375690825720761
      ],
      [
        -0.09775414234212586,
        0.9926509885106518,
        0.07133121801694721
      ],
      [
        0.7405992262169728,
        0.02467955341606667,
        0.6714936379222104
      ]
    ],
    "transition": [
      [
        503.8179379484653
      ],
      [
        -8.372925963891012
      ],
      [
        322.9055512866843
      ]
    ]
  }
}