{
  "cam0": {
    "ret": 1.45979753918993,
    "mtx": [
      [
        909.164053757563,
        0.0,
        915.4123715851176
      ],
      [
        0.0,
        901.955461611619,
        537.4158849834224
      ],
      [
        0.0,
        0.0,
        1.0
      ]
    ],
    "dist": [
      [
        -0.05348663490052663,
        0.8291072704508331,
        -0.008454612821906633,
        -0.024854197874316523,
        -2.1633052252281333
      ]
    ]
  },
  "cam1": {
    "ret": 1.228860721125774,
    "mtx": [
      [
        904.3097673763746,
        0.0,
        952.5316104780428
      ],
      [
        0.0,
        902.7309979563291,
        514.3858879548127
      ],
      [
        0.0,
        0.0,
        1.0
      ]
    ],
    "dist": [
      [
        0.07653937958242533,
        -0.12313741049695502,
        -0.017678034832016975,
        -0.0028339029981491624,
        -0.08242871644529441
      ]
    ]
  },
  "cam3": {
    "ret": 1.4476836712559205,
    "mtx": [
      [
        892.0189325983224,
        0.0,
        973.9470256082287
      ],
      [
        0.0,
        905.6007105677975,
        540.3941886388079
      ],
      [
        0.0,
        0.0,
        1.0
      ]
    ],
    "dist": [
      [
        0.05346895560080921,
        -0.08135442983089752,
        -0.003706888037052069,
        -0.014086942587806735,
        0.020778060021166632
      ]
    ]
  },
  "cam2": {
    "ret": 1.1893949038059344,
    "mtx": [
      [
        902.3395162456472,
        0.0,
        986.6585727139994
      ],
      [
        0.0,
        899.7423042237148,
        543.7388610859828
      ],
      [
        0.0,
        0.0,
        1.0
      ]
    ],
    "dist": [
      [
        0.022400874852377947,
        0.14959439991729812,
        -0.006968135190966425,
        0.004935245319592917,
        -0.5456138316192689
      ]
    ]
  },
  "cam4": {
    "ret": 1.4440530487696408,
    "mtx": [
      [
        904.1542319555565,
        0.0,
        983.6276353904973
      ],
      [
        0.0,
        901.7873341263139,
        542.620596120669
      ],
      [
        0.0,
        0.0,
        1.0
      ]
    ],
    "dist": [
      [
        0.06916256003049383,
        -0.1186811810893165,
        0.0005768524195621422,
        -0.00035523916705120575,
        0.04379373355144165
      ]
    ]
  },
  "cam5": {
    "ret": 1.412719717139265,
    "mtx": [
      [
        916.4405002683558,
        0.0,
        950.3462891698263
      ],
      [
        0.0,
        915.5957078244069,
        542.9030581169235
      ],
      [
        0.0,
        0.0,
        1.0
      ]
    ],
    "dist": [
      [
        0.06370290187521846,
        -0.12323704494176736,
        0.0008945128580266336,
        -0.009733572818276049,
        0.0061200479559995885
      ]
    ]
  }
}